367;121232120001;3212010;MTs Al Musyahadah Haurgeulis
368;121232120002;3212010;MTs Al-Irsyad Al-Islamiyyah Haurgeulis
369;121232120003;3212010;MTs An-Nur
370;121232120004;3212010;MTs Nurul Hikmah Haurgeulis
371;20252318;3212010; SMP NEGERI SATU ATAP 1 HAURGEULIS
372;20216039;3212010; SMP NEGERI 2 HAURGEULIS
373;69759196;3212010; SMP NEGERI SATU ATAP 2 HAURGEULIS
374;20215944;3212010; SMP BINA KARYA HAURGEULIS
375;20241279;3212010; SMP DHARMA KUSUMA HAURGEULIS
376;20215961;3212010; SMP NU HAURGEULIS
377;20216070;3212010; SMP PGRI 1 HAURGEULIS
378;20215970;3212010; SMP MUHAMMADIYAH HAURGEULIS
379;20216082;3212010; SMP NEGERI 1 HAURGEULIS
380;20216057;3212010; SMP PUI HAURGEULIS
381;121232120057;3212011;MTs Ma`had Al-Zaytun
382;121232120058;3212011;MTs Nurul Hikmah Gantar
383;69759197;3212011; SMP NEGERI SATU ATAP 2 GANTAR
384;20244718;3212011; SMP N 3 GANTAR
385;69820874;3212011; SMPN 4 GANTAR
386;20216044;3212011; SMP NEGERI 2 GANTAR
387;20216019;3212011; SMP NEGERI 1 GANTAR
388;69820843;3212011; SMPN SATAP 3 GANTAR
389;20216069;3212011; SMP PGRI 1 GANTAR
390;20264419;3212011; SMP NEGERI SATU ATAP 1 GANTAR
391;121232120042;3212020;MTs Hidayatul Ma`arif Temiyang
392;121232120043;3212020;MTs Ma`arif Sukaslamet
393;121232120072;3212020;MTs KH. Ahmad Rifa`i
394;20216053;3212020; SMP NEGERI I KROYA
395;20255114;3212020; SMP AL-LATIEFIYYAH
396;69892481;3212020; SMP ISLAM KROYA
397;20216034;3212020; SMP NEGERI 2 KROYA
398;20255769;3212020; SMP NEGERI 3 KROYA
399;121232120005;3212030;MTs GUPPI Gabuswetan
400;121232120006;3212030;MTs NU Tegal Pelem
401;20216066;3212030; SMP PGRI GABUSWETAN
402;20216020;3212030; SMP NEGERI 2 GABUSWETAN
403;20216083;3212030; SMP NEGERI 1 GABUSWETAN
404;20241361;3212030; SMP NEGERI SATU ATAP 1 GABUSWETAN
405;20233768;3212030; SMP NEGERI 3 GABUSWETAN
406;69820980;3212030; SMPN 4 GABUSWETAN
407;20215956;3212030; SMP NU KEDOKAN GABUS
408;121232120068;3212040;MTs Darul Hasanah
409;20216075;3212040; SMP TRISILA CIKEDUNG
410;69849602;3212040; SMP ASH-SHOBUNIYYAH
411;69888856;3212040; SMP Pesantren Nahdlatul Wathon
412;20215962;3212040; SMP NU CIKEDUNG
413;20241359;3212040; SMP NEGERI SATU ATAP 1 CIKEDUNG
414;69821174;3212040; SMPN 1 CIKEDUNG
415;121132120012;3212041;MTs Cikedung
416;121232120049;3212041;MTs GUPPI MANGGUNGAN
417;121232120050;3212041;MTs Ma`arif Kendayakan
418;121232120051;3212041;MTs NU Rajasinga
419;20216025;3212041; SMP NEGERI 1 TERISI
420;20241293;3212041; SMP PLUS BOARDING SCHOOL MIFTAHUL ULUM TERISI
421;69759199;3212041; SMP NEGERI SATU ATAP 1 TERISI
422;20244756;3212041; SMP ISLAM TERISI
423;20233766;3212041; SMP NEGERI 4 TERISI
424;20252986;3212041; SMP BABUSSALAM
425;20216040;3212041; SMP NEGERI 3 TERISI
426;69759195;3212041; SMP NEGERI SATU ATAP 2 TERISI
427;20216046;3212041; SMP NEGERI 2 TERISI
428;121232120007;3212050;MTs BI`TSATUL ISLAM LELEA
429;20253368;3212050; SMP NEGERI SATU ATAP 1 LELEA
430;20216035;3212050; SMP NEGERI 2 LELEA
431;20216032;3212050; SMP NEGERI 1 LELEA
432;69786576;3212050; SMPS Miftahul Jannah Lelea
433;69821149;3212050; SMPN 3 LELEA
434;121132120001;3212060;MTs Bangodua
435;20233739;3212060; SMP NU WANASARI
436;69945628;3212060; SMP PEMBANGUNAN BANGODUA
437;20216024;3212060; SMP NEGERI 1 BANGODUA
438;20258302;3212060; SMP ISLAM BAITUSH SHOLIH
439;20241303;3212060; SMP NEGERI SATU ATAP 1 BANGODUA
440;121232120056;3212061;MTs Ya`abidi
441;20271102;3212061; SMP BAYT TAMYIZ TUKDANA
442;69786577;3212061; SMPS PEMBANGUNAN TUKDANA
443;20215951;3212061; SMP MA ARIF BANGODUA
444;20233734;3212061; SMP MANDIRI TUKDANA
445;20253370;3212061; SMP N SATU ATAP TUKDANA
446;20216086;3212061; SMP NEGERI 1 TUKDANA
447;20216021;3212061; SMP N 2 TUKDANA
448;121132120002;3212070;MTs Widasari
449;20216045;3212070; SMP NEGERI 1 WIDASARI
450;20244787;3212070; SMP NU WIDASARI
451;20216093;3212070; SMP NURUL HALIM WIDASARI
452;121232120008;3212080;MTs Fathul Ulum
453;121232120009;3212080;MTs Mamba`ul Ulum
454;121232120010;3212080;MTs PUI Tenajar
455;121232120011;3212080;MTs Yapin Kertasemaya
456;20216055;3212080; SMP NEGERI 1 KERTASEMAYA
457;20215955;3212080; SMP NU KERTASEMAYA
458;20215935;3212080; SMP KOSGORO TENAJAR
459;20215933;3212080; SMP NU TENAJAR KIDUL
460;20216062;3212080; SMP PGRI KERTASEMAYA
461;69821095;3212080; SMP NEGERI 2 KERTASEMAYA
462;20215953;3212080; SMP PESANTREN MKGR KERTASEMAYA
463;121132120013;3212081;MTs Sukagumiwang
464;121232120054;3212081;MTs AS-SYIFA WAL`AIN
465;121232120055;3212081;MTs Cadangpinggan
466;20216027;3212081; SMP NEGERI 1 SUKAGUMIWANG
467;69945630;3212081; SMP PEMBANGUNAN SUKAGUMIWANG
468;69892486;3212081; SMP PESANTREN NU WALISANGA
469;20216048;3212081; SMP NEGERI 2 SUKAGUMIWANG
470;121132120003;3212090;MTs Krangkeng
471;121232120012;3212090;MTs Rabithatul Ulum Krangkeng
472;121232120066;3212090;MTs Karangmanggu
473;121232120070;3212090;MTs Khairu Ummah
474;121232120076;3212090;MTs Hidayatusshibyan
475;69728469;3212090; SMP PLUS MIFTAHUL HUDA TEGALMULYA
476;20268571;3212090; SMP AR ROHMAN KRANGKENG
477;20264412;3212090; SMP AS-SALAFIYAH KRANGKENG
478;69888977;3212090; SMP Pesantren Nurul Anshor
479;69759870;3212090; SMP ISLAM ASYSYAFIIYYAH KRANGKENG
480;20216033;3212090; SMP NEGERI 2 KRANGKENG
481;69759194;3212090; SMP NEGERI SATU ATAP 2 KRANGKENG
482;20216054;3212090; SMP NEGERI 1 KRANGKENG
483;20215963;3212090; SMP NU DUKUH JATI
484;20254238;3212090; SMP HIDAYATUN NASYIIEN
485;20253013;3212090; SMP NEGERI SATU ATAP 1 KRANGKENG
486;121132120004;3212100;MTs Karang Ampel
487;121232120013;3212100;MTs Al-Ma arif Karang Ampel
488;20215957;3212100; SMP NU KARANGAMPEL
489;69831505;3212100; SMP NU DARUL MAARIF
490;20215940;3212100; SMP DARUSSALAM KARANGAMPEL
491;20216077;3212100; SMP NEGERI 1 KARANGAMPEL
492;20233729;3212100; SMP AL HIKMAH KARANGAMPEL
493;20215959;3212100; SMP NU KAPLONGAN
494;20216064;3212100; SMP PGRI KARANGAMPEL
495;20253417;3212100; SMP ISLAM AL MUAMILIN KARANGAMPEL
496;20215965;3212100; SMP MUHAMMADIYAH KARANGAMPEL
497;20257305;3212100; SMP NEGERI 2 KARANGAMPEL
498;121232120052;3212101;MTs Al Basyariyah Kedokan Bunder
499;121232120053;3212101;MTs Miftahul Huda
500;20216063;3212101; SMP PGRI KEDOKANBUNDER
501;20270982;3212101; SMP NEGERI 2 KEDOKANBUNDER
502;69754525;3212101; SMP BINTANG SEMBILAN
503;20216076;3212101; SMP NEGERI 1 KEDOKANBUNDER
504;121232120014;3212110;MTs Al Mujahidin
505;121232120015;3212110;MTs GUPPI Juntinyuat
506;121232120016;3212110;MTs Manbaul Bahri
507;121232120017;3212110;MTs PUI Segeran Kidul
508;121232120018;3212110;MTs Al Ikhlash Segeran
509;121232120067;3212110;MTs Nusantara
510;121232120071;3212110;MTs NU 01 Juntinyuat
511;20216065;3212110; SMP PGRI JUNTINYUAT
512;20216091;3212110; SMP YAYASAN IBU H. CHODIJAH
513;20216016;3212110; SMP NEGERI 2 JUNTINYUAT
514;20252033;3212110; SMP PLUS NU JUNTINYUAT
515;69886881;3212110; SMP PLUS NURUL ISLAM
516;20215954;3212110; SMP MUHAMMADIYAH SEGERAN
517;20216073;3212110; SMP PUI JUNTIKEBON
518;20216079;3212110; SMP NEGERI 1 JUNTINYUAT
519;121132120005;3212120;MTs Sliyeg
520;121232120019;3212120;MTs As Sakienah Sliyeg
521;121232120020;3212120;MTs Darul Maarif
522;121232120021;3212120;MTs YAPIDA
523;20216028;3212120; SMP NEGERI 1 SLIYEG
524;69754613;3212120; SMP NU SLIYEG
525;20233737;3212120; SMP NEGERI 3 SLIYEG
526;69881055;3212120; SMP AS-SAKIENAH BS
527;20216041;3212120; SMP NEGERI 2 SLIYEG
528;121132120006;3212130;MTs MTs Negeri Jatibarang
529;121232120022;3212130;MTs AL GHOZALI
530;121232120023;3212130;MTs Darussalam Sukalila
531;20216090;3212130; SMP YOS SUDARSO JATIBARANG
532;20216017;3212130; SMP NEGERI 2 JATIBARANG
533;20216056;3212130; SMP PUI JATIBARANG
534;20215968;3212130; SMP MUHAMMADIYAH JATIBARANG
535;69902785;3212130; SMP AS-SALAAM JATIBARANG
536;20216043;3212130; SMP NEGERI 3 JATIBARANG
537;20215960;3212130; SMP NU JATIBARANG
538;20216080;3212130; SMP NEGERI 1 JATIBARANG
539;20215941;3212130; SMP BPK PENABUR JATIBARANG
540;121232120041;3212140;MTs Darul Ikhlash Sukaurip
541;20215945;3212140; SMP ISLAM AL ISHLAH BOARDING SCHOOL
542;20216087;3212140; SMP NEGERI 1 BALONGAN
543;20215964;3212140; SMP MUHAMMADIYAH SUKAURIP
544;20216049;3212140; SMP NEGERI 3 BALONGAN
545;20216022;3212140; SMP N 2 BALONGAN
546;69944657;3212140; SMP ISLAM SABILILLAH
547;121132120008;3212150;MTs Wotbogor Indramayu
548;121232120028;3212150;MTs Al Hidayah Indramayu
549;121232120029;3212150;MTs Darun Nahwi
550;121232120030;3212150;MTs YAPIIM Dukuh
551;20233730;3212150; SMP AL MUSTHOFA INDRAMAYU
552;20251965;3212150; SMP PLUS RAUDLATUL MUTAALIMIN
553;20216074;3212150; SMP SANTO MIKAIL INDRAMAYU
554;20215942;3212150; SMPK BPK PENABUR INDRAMAYU
555;20233738;3212150; SMP NASIONAL INDRAMAYU
556;20215936;3212150; SMP ISLAM TERPADU MUTIARA IRSYADY INDRAMAYU
557;20254006;3212150; SMP PLUS ENDANG DARMA AYU
558;20216081;3212150; SMP NEGERI 1 INDRAMAYU
559;20216018;3212150; SMP NEGERI 2 INDRAMAYU
560;20215969;3212150; SMP MUHAMMADIYAH INDRAMAYU
561;121232120031;3212160;MTs Al Washliyah Sindang
562;121232120062;3212160;MTs Percontohan Insan Cendekia
563;69759192;3212160; SMP SANTIKA SINDANG
564;20216060;3212160; SMP PGRI SINDANG
565;20216042;3212160; SMP NEGERI 3 SINDANG
566;20216038;3212160; SMP NEGERI 4 SINDANG
567;20216050;3212160; SMP NEGERI 2 SINDANG
568;69873982;3212160; SMP IT HIDAYATUL MUJAHIDIN
569;20216015;3212160; SMP NEGERI UNGGULAN SINDANG
570;20238552;3212160; SMP ISLAM TATHMAINUL QULUUB SINDANG
571;20216072;3212160; SMP PESANTREN AL URWATUL WUTSQO
572;20216029;3212160; SMP NEGERI 1 SINDANG
573;121232120048;3212161;MTs NU Cantigi
574;20216084;3212161; SMP NEGERI 1 CANTIGI
575;20253187;3212161; SMP NEGERI SATU ATAP CANTIGI
576;69820911;3212161; SMPN SATAP 2 CANTIGI
577;20215958;3212162; SMP NU KARANGANYAR
578;20241291;3212162; SMP PERINTIS PASEKAN
579;69821008;3212162; SMPN SATAP 1 PASEKAN
580;20216036;3212162; SMP NEGERI 1 PASEKAN
581;121132120007;3212170;MTs Lohbener
582;121232120024;3212170;MTs MTs Maarif Legok
583;121232120025;3212170;MTs Al Muminien
584;121232120026;3212170;MTs Ma arif  Langut
585;121232120063;3212170;MTs Al Ghifari
586;20216052;3212170; SMP NEGERI 2 LOHBENER
587;20216031;3212170; SMP NEGERI 1 LOHBENER
588;69759198;3212170; SMP NEGERI SATU ATAP 1 LOHBENER
589;20215937;3212170; SMP FATAHILLAH LOHBENER
590;121232120027;3212171;MTs Ulfa Pranggong
591;121232120047;3212171;MTs Al Hikmah Cidempet
592;69947090;3212171; SMP ULIL AMRI
593;20241287;3212171; SMP NAILUL AMIN
594;20216088;3212171; SMP N 1 ARAHAN
595;121132120009;3212180;MTs Losarang
596;121232120032;3212180;MTs Darul Hikmah Pangkalan
597;20233740;3212180; SMP NEGERI SATU ATAP 1 LOSARANG
598;20216051;3212180; SMP NEGERI 2 LOSARANG
599;20253563;3212180; SMP KEBANGSAAN
600;20216030;3212180; SMP NEGERI 1 LOSARANG
601;20233733;3212180; SMP HARAPAN LOSARANG
602;69904971;3212180; SMP NAHDLATUL ULAMA LOSARANG
603;69759193;3212180; SMP NEGERI SATU ATAP 2 LOSARANG
604;121132120010;3212190;MTs Kandanghaur
605;121232120033;3212190;MTs Al Mukhlashuun Wirakanan
606;121232120034;3212190;MTs Hasanudin
607;121232120035;3212190;MTs Ma`arif Kandanghaur
608;20215939;3212190; SMP DARUSSALAM KANDANGHAUR
609;20215966;3212190; SMP MUHAMMADIYAH KANDANGHAUR
610;20216078;3212190; SMP NEGERI 1 KANDANGHAUR
611;20215952;3212190; SMP MISAYA MINA KANDANGHAUR
612;20215934;3212190; SMP LPPMRI KANDANGHAUR
613;20241299;3212190; SMP NEGERI 2 KANDANGHAUR
614;69946516;3212190; SMP AL AMIN KANDANGHAUR
615;121232120036;3212200;MTs Al-Hijrah Bongas
616;121232120037;3212200;MTs Darul Falah
617;20233735;3212200; SMP NEGERI 2 BONGAS
618;20233765;3212200; SMP MA ARIF BONGAS
619;20216085;3212200; SMP NEGERI 1 BONGAS
620;20233769;3212200; SMP PUI BONGAS
621;20216059;3212200; SMP PLUS DAARUL SAADAH
622;69892480;3212200; SMP ISLAM DARUL FIKRI
623;121132120011;3212210;MTs Anjatan
624;121232120038;3212210;MTs Al Amin Anjatan
625;121232120039;3212210;MTs Al Jam`iyatul Washliyah
626;121232120040;3212210;MTs Ma`arif Miftahulhuda Anjatan
627;20216023;3212210; SMP NEGERI 2 ANJATAN
628;20216089;3212210; SMP NEGERI 1 ANJATAN
629;20216067;3212210; SMP PGRI BUGIS
630;20216071;3212210; SMP PEMDA ANJATAN
631;69954045;3212210; SMP IT AL HIKMAH ANJATAN
632;20216068;3212210; SMP PGRI ANJATAN
633;69954610;3212210; SMP AL HAKIMU ANJATAN
634;20216058;3212210; SMP PRAKARYA ANJATAN
635;121232120044;3212220;MTs Al Ishlah Sumuradem
636;121232120045;3212220;MTs Al Washliyah Sukra
637;121232120046;3212220;MTs MAARIF NURUL ULUM
638;121232120065;3212220;MTs Plus Bina Prestasi Islami
639;121232120074;3212220;MTs MTs Ma`arif Al Fatah
640;69821173;3212220; SMPN 2 SUKRA
641;20215938;3212220; SMP NU SUKRA
642;20264416;3212220; SMP NEGERI 1 SUKRA
643;121232120059;3212221;MTs Al Hidayah Patrol Baru
644;121232120060;3212221;MTs Ma arif Bugel An-Nur
645;121232120061;3212221;MTs MTs. Ma`arif NU Mambaul Hikam
646;121232120064;3212221;MTs Al Ikhlas
647;121232120073;3212221;MTs Nu Patrol
648;121232120075;3212221;MTs Nurul Islam Arjasari
649;20216047;3212221; SMP NEGERI 2 PATROL
650;20216061;3212221; SMP PGRI PATROL INDRAMAYU
651;20216092;3212221; SMP WIRAUTAMA PATROL
652;20216026;3212221; SMP NEGERI 1 PATROL
653;121132080001;3208010;MTs Darma
654;121232080001;3208010;MTs Ar-Rasyid
655;20254603;3208010; SMP NEGERI 3 DARMA
656;20252958;3208010; SMP NEGERI 4 DARMA
657;20213003;3208010; SMP NEGERI 1 DARMA
658;20212976;3208010; SMP NEGERI 2 DARMA
659;121132080002;3208020;MTs Kadugede
660;69760715;3208020; SMP SATAP MARGABAKTI
661;20212973;3208020; SMP NEGERI 2 KADUGEDE
662;20212996;3208020; SMP NEGERI 1 KADUGEDE
663;121232080032;3208021;MTs Al Ikhlas Jambar
664;20213021;3208021; SMP NEGERI 1 NUSAHERANG
665;121232080039;3208030;MTs MTs Ciniru
666;20213006;3208030; SMP NEGERI 1 CINIRU
667;20246365;3208030; SMP NEGERI 2 CINIRU
668;69760717;3208030; SMP SATAP RAMBATAN
669;121132080009;3208031;MTs Hantara
670;20213001;3208031; SMP NEGERI 1 HANTARA
671;121232080003;3208040;MTs GUPPI Selajambe
672;20212980;3208040; SMP NEGERI 2 SELAJAMBE
673;20213018;3208040; SMP NEGERI 1 SELAJAMBE
674;121132080003;3208050;MTs Subang
675;20268849;3208050; SMP NEGERI 2 SUBANG
676;20256951;3208050; SMP NEGERI SATU ATAP SITUGEDE
677;20213017;3208050; SMP NEGERI 1 SUBANG
678;21254157;3208051; SMP NEGERI SATU ATAP PATALA
679;20213009;3208051; SMP NEGERI 1 CILEBAK
680;20212977;3208060; SMP NEGERI 2 CIWARU
681;20213004;3208060; SMP NEGERI 1 CIWARU
682;121232080041;3208061;MTs Terpadu Riyadul Badiah
683;20213011;3208061; SMP NEGERI 1 KARANGKANCANA
684;121132080004;3208070;MTs Cibingbin
685;121232080004;3208070;MTs Al-Azhar Al-Amin
686;69726497;3208070; SMP NEGERI SATAP BANTARPANJANG
687;20213014;3208070; SMP NEGERI 2 CIBINGBIN
688;20212907;3208070; SMP NEGERI 1 CIBINGBIN
689;20213015;3208071; SMP NEGERI 2 CIBEUREUM
690;20212923;3208071; SMP NEGERI 1 CIBEUREUM
691;20267681;3208071; SMP NEGERI SATU ATAP KAWUNGSARI
692;121132080005;3208080;MTs Luragung
693;121132080010;3208080;MTs Sangkanurip
694;121232080007;3208080;MTs Amanah Geresik
695;121232080008;3208080;MTs Fatahilah
696;121232080010;3208080;MTs PUI Ciawigebang
697;121232080015;3208080;MTs Mursyidul Falah
698;121232080034;3208080;MTs Pui Ciwedus Timbang
699;121232080042;3208080;MTs Al-Falah
700;20212969;3208080; SMP NEGERI 2 LURAGUNG
701;20213023;3208080; SMP NEGERI 1 LURAGUNG
702;20212989;3208080; SMP NEGERI 3 LURAGUNG
703;20213007;3208081; SMP NEGERI 1 CIMAHI
704;20263519;3208081; SMP NEGERI SATU ATAP CIMULYA
705;20252947;3208081; SMP NEGERI 3 CIMAHI
706;20252506;3208081; SMP NEGERI 2 CIMAHI
707;121232080005;3208090;MTs GUPPI Cidahu
708;121232080006;3208090;MTs Wadi Sofia
709;20257150;3208090; SMP NEGERI SATU ATAP CIBULAN
710;20212965;3208090; SMP NEGERI 1 CIDAHU
711;20212995;3208090; SMP NEGERI 2 CIDAHU
712;121232080029;3208091;MTs Raudhatul Mutaalimin
713;121232080037;3208091;MTs Mishbahul Huda
714;20252968;3208091; SMP NEGERI 2 KALIMANGGIS
715;20213010;3208091; SMP NEGERI 1 KALIMANGGIS
716;20212930;3208091; SMP ISLAM AL BAROKAH
717;121232080009;3208100;MTs Manbaul Huda
718;121232080038;3208100;MTs Daarul Quran Cikubangmulya
719;69949981;3208100; SMP ISLAM TERPADU CIHIRUP
720;69945789;3208100; SMP NURUL HUDA CIPUTAT
721;20212985;3208100; SMP NEGERI 5 CIAWIGEBANG
722;20212981;3208100; SMP NEGERI 3 CIAWIGEBANG
723;20271591;3208100; SMP IT AN NUR
724;20212988;3208100; SMP NEGERI 4 CIAWIGEBANG
725;20212924;3208100; SMP NEGERI 1 CIAWIGEBANG
726;20212927;3208100; SMP PGRI CIAWIGEBANG
727;20213016;3208100; SMP NEGERI 2 CIAWIGEBANG
728;20212932;3208100; SMP AL IHYA
729;20213005;3208101; SMP NEGERI 1 CIPICUNG
730;20246362;3208110; SMP ISLAM TERPADU ISYIS AL-GAZALI
731;20213024;3208110; SMP NEGERI 1 LEBAKWANGI
732;20212990;3208110; SMP NEGERI 2 LEBAKWANGI
733;121132080011;3208111;MTs Maleber
734;121232080035;3208111;MTs Bina Sejahtera
735;121232080036;3208111;MTs Ma`arif Cipakem
736;20212970;3208111; SMP NEGERI 1 MALEBER
737;20253256;3208111; SMP NEGERI 2 MALEBER
738;121132080008;3208120;MTs Garawangi
739;20213002;3208120; SMP NEGERI 1 GARAWANGI
740;20212992;3208120; SMP NEGERI 2 GARAWANGI
741;121132080012;3208121;MTs Sindangsari
742;20252594;3208121; SMP NEGERI 2 SINDANGAGUNG
743;20212975;3208121; SMP NEGERI 1 SINDANGAGUNG
744;121232080011;3208130;MTs Pui Kuningan
745;121232080012;3208130;MTs Yamsik Kuningan
746;121232080013;3208130;MTs Yaspika Karangtawang
747;121232080040;3208130;MTs Riyadlul Huda
748;20212986;3208130; SMP NEGERI 4 KUNINGAN
749;20212991;3208130; SMP NEGERI 3 KUNINGAN
750;20212971;3208130; SMP NEGERI 2 KUNINGAN
751;20213025;3208130; SMP NEGERI 1 KUNINGAN
752;20212984;3208130; SMP NEGERI 5 KUNINGAN
753;20212983;3208130; SMP NEGERI 6 KUNINGAN
754;20212982;3208130; SMP NEGERI 7 KUNINGAN
755;121132080006;3208140;MTs Model Cigugur
756;121232080043;3208140;MTs Pertiwi Kuningan
757;20213026;3208140; SMP NEGERI 1 CIGUGUR
758;20252509;3208140; SMP BINAUL UMMAH
759;20212926;3208140; SMP TRI MULYA
760;20253189;3208140; SMP PLUS NURUL HIDAYAH
761;20212994;3208140; SMP NEGERI 2 CIGUGUR
762;20212925;3208140; SMP YOS SUDARSO
763;121232080014;3208150;MTs Al-Hidayah Cibentang
764;121232080016;3208150;MTs PUI  Cikaso
765;20213013;3208150; SMP NEGERI 1 KRAMATMULYA
766;20212972;3208150; SMP NEGERI 2 KRAMATMULYA
767;121132080007;3208160;MTs Jalaksana
768;121232080017;3208160;MTs 24 Manislor
769;121232080018;3208160;MTs Al Maemun
770;121232080019;3208160;MTs Husnul Khotimah
771;20212929;3208160; SMP ITUS JALAKSANA
772;20212998;3208160; SMP NEGERI 1 JALAKSANA
773;20212974;3208160; SMP NEGERI 2 JALAKSANA
774;20212931;3208160; SMP AMAL BAKTI MANISLOR
775;20246363;3208160; SMP ISLAM TERPADU AL MULTAZAM
776;121232080030;3208161;MTs Arraswad Cengal
777;121232080031;3208161;MTs MTs Darussalam Japara
778;20212997;3208161; SMP NEGERI 1 JAPARA
779;20246366;3208161; SMP NEGERI 2 JAPARA
780;121232080020;3208170;MTs Al Mutawally
781;121232080021;3208170;MTs An-Najah
782;121232080022;3208170;MTs PUI Cilimus
783;20212993;3208170; SMP NEGERI 2 CILIMUS
784;20212987;3208170; SMP NEGERI 3 CILIMUS
785;20212928;3208170; SMP PERTIWI CILIMUS
786;20213008;3208170; SMP NEGERI 1 CILIMUS
787;121232080033;3208171;MTs Nurul Huda Timbang
788;20212978;3208171; SMP NEGERI 1 CIGANDAMEKAR
789;20212933;3208171; SMP ISLAM AINURRAFIQ
790;121232080023;3208180;MTs Pembangunan Mandirancan
791;69893081;3208180; SMP IT ANWARUL HUDA
792;20212968;3208180; SMP NEGERI 2 MANDIRANCAN
793;20213022;3208180; SMP NEGERI 1 MANDIRANCAN
794;121232080026;3208181;MTs Al-Hidayah
795;121232080027;3208181;MTs Manbaul Ulum
796;121232080028;3208181;MTs Bani Karim
797;20212967;3208181; SMP NEGERI 2 PANCALANG
798;20213020;3208181; SMP NEGERI 1 PANCALANG
799;121232080024;3208190;MTs Attaqwa
800;121232080025;3208190;MTs At-taubat Cidahu
801;20212979;3208190; SMP NEGERI 2 PASAWAHAN
802;20213019;3208190; SMP NEGERI 1 PASAWAHAN
803;121132100015;3210010;MTs Lemahsugih
804;121232100039;3210010;MTs PUI Borogojol
805;121232100041;3210010;MTs Assalam Lemahsugih
806;20271478;3210010; SD-SMP SATU ATAP SINARGALIH III
807;20263955;3210010; SMP NEGERI 4 LEMAHSUGIH
808;20213902;3210010; SMP NEGERI 3 LEMAHSUGIH
809;20213945;3210010; SMP NEGERI 2 LEMAHSUGIH
810;20213864;3210010; SMP NEGERI 1 LEMAHSUGIH
811;121132100014;3210020;MTs Cipeundeuy
812;121232100036;3210020;MTs Nurul Hikam Bantarujeg
813;121232100037;3210020;MTs Miftahusshudur
814;121232100055;3210020;MTs Darul Falah
815;121232100058;3210020;MTs KAFA EL-MADANI
816;121232100060;3210020;MTs Haur Geulis
817;121232100064;3210020;MTs Al Taufiq
818;20213848;3210020; SMP NEGERI 1 BANTARUJEG
819;20213907;3210020; SMP NEGERI 2 BANTARUJEG
820;69760861;3210020; SMP NEGERI 3 BANTARUJEG SATAP
821;121232100049;3210021;MTs Al-Ma`sum Malausma
822;121232100050;3210021;MTs Buninagara
823;121232100056;3210021;MTs AL-MA`SUM II
824;121232100062;3210021;MTs Nurakhman Howara Hadad
825;20263959;3210021; SMP ISLAM ABATA
826;20268731;3210021; SMP NEGERI 2 MALAUSMA
827;20213926;3210021; SMP NEGERI 1 MALAUSMA
828;121232100031;3210030;MTs Pui Cikijing
829;121232100032;3210030;MTs PUI Kasturi
830;121232100033;3210030;MTs Pui Kancana
831;121232100034;3210030;MTs Persis Sindang
832;69822488;3210030; SD-SMP SATU ATAP CIPULUS
833;20213852;3210030; SMP ISLAM MANBA UL ULUM CIKIJING
834;20213859;3210030; SMP NEGERI 1 CIKIJING
835;20213925;3210030; SMP NEGERI 2 CIKIJING
836;69816255;3210030; SMP ISLAM TERPADU NURUL BAROKAH
837;121132100013;3210031;MTs Cingambul
838;121232100035;3210031;MTs Nurul Huda Cimanggu
839;121232100054;3210031;MTs Sa Baeturrohmah
840;69886180;3210031; SMP MAARIF NU NASHIRUL HUDA
841;20271480;3210031; SMP NEGERI 2 CINGAMBUL SATAP
842;20213860;3210031; SMP NEGERI 1 CINGAMBUL
843;20247282;3210031; SMP ISLAM DARUSSALAM
844;69938975;3210031; SMP ISLAM MANSYAUL ULUM CINGAMBUL
845;20247176;3210031; SMP PUI MUKTISARI
846;121132100012;3210040;MTs Talaga
847;121232100029;3210040;MTs Darul Ulum PUI Talaga
848;121232100030;3210040;MTs Putri PUI Talaga
849;20213908;3210040; SMP NEGERI 2 TALAGA
850;20213929;3210040; SMP NEGERI 1 TALAGA
851;20247177;3210040; SMP NEGERI 4 TALAGA
852;20213920;3210040; SMP NEGERI 3 TALAGA
853;121232100047;3210041;MTs Pui Banjaran
854;20213849;3210041; SMP NEGERI 1 BANJARAN
855;20263953;3210041; SMP NEGERI 3 BANJARAN
856;20213927;3210041; SMP NEGERI 2 BANJARAN
857;69830187;3210041; SMP ISLAM TERPADU NAILUL KHOIR
858;121232100028;3210050;MTs Al-Mudzakkirin
859;20213928;3210050; SMP NEGERI 2 ARGAPURA
860;20213850;3210050; SMP NEGERI 1 ARGAPURA
861;20271479;3210050; SMP NEGERI 3 ARGAPURA SATAP
862;121232100011;3210060;MTs PUI Maja
863;121232100026;3210060;MTs Assalam Cokroaminoto Maja
864;121232100027;3210060;MTs Ma`arif
865;121232100038;3210060;MTs Pui Kepuh
866;20213910;3210060; SMP NEGERI 3 MAJA
867;20213942;3210060; SMP NEGERI 2 MAJA
868;20213861;3210060; SMP NEGERI 1 MAJA
869;69774824;3210060; SMPS MODEL NAHDLATUL ULAMA
870;69794819;3210060; SMPN SATAP CENGAL IV
871;20247283;3210060; SMP ISLAM NUNUK
872;20213917;3210060; SMP NEGERI 4 MAJA
873;121232100001;3210070;MTs Darul Ulum Pui Majalengka
874;121232100002;3210070;MTs Putri Pui Majalengka
875;121232100003;3210070;MTs MTs Darul Falah Cijati
876;121232100004;3210070;MTs An-Nawawiyah
877;121232100005;3210070;MTs Al-ishlah Persis
878;121232100006;3210070;MTs Miftahul Huda
879;20213915;3210070; SMP NEGERI 5 MAJALENGKA
880;20213913;3210070; SMP NEGERI 6 MAJALENGKA
881;69913379;3210070; SMP PLUS AL-QURANIYYAH
882;69864012;3210070; SMP IT SHOBARUL YAQIEN
883;20213941;3210070; SMP NEGERI 2 MAJALENGKA
884;20213899;3210070; SMP NEGERI 7 MAJALENGKA
885;20213916;3210070; SMP NEGERI 4 MAJALENGKA
886;20213847;3210070; SMP NEGERI 1 MAJALENGKA
887;20213911;3210070; SMP NEGERI 3 MAJALENGKA
888;121232100042;3210080;MTs Nurul Hikmah
889;121232100043;3210080;MTs Al Ikhlas Baribis
890;121232100044;3210080;MTs Nurul Iman
891;20213858;3210080; SMP NEGERI 1 CIGASONG
892;20271219;3210080; SMP IT HAFIFUDIN ARROHIMAH CIGASONG
893;121132100011;3210090;MTs Sukahaji
894;121232100023;3210090;MTs Al-Ihsan Babakan Manjeti
895;121232100024;3210090;MTs KMI Tanjungsari
896;121232100025;3210090;MTs As-sa`adah Padahanten
897;121232100063;3210090;MTs Ainul Hayat
898;20213931;3210090; SMP NEGERI 1 SUKAHAJI
899;20213922;3210090; SMP NEGERI 2 SUKAHAJI
900;121232100048;3210091;MTs Al Amiin Sangkanhurip
901;20213851;3210091; SMP PRAKARYA
902;20213923;3210091; SMP NEGERI 1 SINDANG
903;121132100010;3210100;MTs Rajagaluh
904;121232100021;3210100;MTs PUI Rajagaluh
905;121232100022;3210100;MTs Daarul Amanah
906;69908484;3210100; SMP ISLAM TERPADU MAARIF AL-GHOZALI
907;20213912;3210100; SMP NEGERI 3 RAJAGALUH
908;20213938;3210100; SMP NEGERI 2 RAJAGALUH
909;20213933;3210100; SMP NEGERI 1 RAJAGALUH
910;20213924;3210110; SMP NEGERI 2 SINDANGWANGI
911;20271481;3210110; SMP NEGERI 3 SINDANGWANGI SATAP
912;20256349;3210110; SMP AL-TAFAQQUH FIDDIN
913;20213932;3210110; SMP NEGERI 1 SINDANGWANGI
914;121132100009;3210120;MTs Leuwimunding
915;121232100018;3210120;MTs Sabilul Chalim
916;121232100019;3210120;MTs Nurul Ulum
917;121232100020;3210120;MTs Sabilul Huda
918;20213944;3210120; SMP NEGERI 2 LEUWIMUNDING
919;20213863;3210120; SMP NEGERI 1 LEUWIMUNDING
920;20213901;3210120; SMP NEGERI 3 LEUWIMUNDING
921;69950436;3210120; SMP IT DARURROHMAT
922;121132100008;3210130;MTs Palasah
923;121232100013;3210130;MTs Syafi`iyah
924;121232100014;3210130;MTs Al-hidayah Palasah
925;20213948;3210130; SMP NEGERI 1 PALASAH
926;20213940;3210130; SMP NEGERI 2 PALASAH
927;20271295;3210130; SMP AR-RAHMAT PALASAH
928;20276122;3210130; SMP NURUL FAJRI PALASAH
929;121132100006;3210140;MTs Jatiwangi 2
930;121132100007;3210140;MTs Sukaraja
931;121232100012;3210140;MTs Al-mizan
932;20213868;3210140; SMP NEGERI 1 JATIWANGI
933;20271918;3210140; SMP AS-SAKINAH JATIWANGI
934;20247284;3210140; SMP MUHAMMADIYAH JATIWANGI
935;20213918;3210140; SMP NEGERI 4 JATIWANGI
936;20276123;3210140; SMP ISLAM TERPADU AR-RIDLO JATIWANGI
937;20213937;3210140; SMP NEGERI 2 JATIWANGI
938;20213904;3210140; SMP NEGERI 3 JATIWANGI
939;121232100008;3210150;MTs BADRUZAMAN
940;20244940;3210150; SMP AL HIDAYAH
941;20213919;3210150; SMP NEGERI 2 DAWUAN
942;20213870;3210150; SMP NEGERI 1 DAWUAN
943;121232100051;3210151;MTs Daarurrahman
944;121232100052;3210151;MTs Daarul Uluum PUI Ranji
945;121232100053;3210151;MTs Wijaya Surya
946;121232100057;3210151;MTs Fathurrahman
947;20271665;3210151; SMP NEGERI 1 KASOKANDEL
948;20213905;3210151; SMP NEGERI 2 KASOKANDEL
949;20263957;3210151; SMP NEGERI 3 KASOKANDEL
950;121232100046;3210160;MTs Al-Hidayah Jatiserang
951;69888699;3210160; SMP IT AL-ANWARIYYAH
952;20213934;3210160; SMP NEGERI 1 PANYINGKIRAN
953;69864013;3210160; SMP IT TAZKIA INSANI
954;20213939;3210160; SMP NEGERI 2 PANYINGKIRAN
955;121132100001;3210170;MTs Karangsambung
956;121232100007;3210170;MTs Prakarya Kadipaten
957;20213866;3210170; SMP NEGERI 1 KADIPATEN
958;20213903;3210170; SMP NEGERI 3 KADIPATEN
959;20213947;3210170; SMP NEGERI 2 KADIPATEN
960;121132100002;3210180;MTs Kertajati
961;20263954;3210180; SMP NEGERI 3 KERTAJATI
962;20213946;3210180; SMP NEGERI 2 KERTAJATI
963;20213865;3210180; SMP NEGERI 1 KERTAJATI
964;121132100003;3210190;MTs Jatitujuh
965;121132100004;3210190;MTs Pangkalanpari
966;121232100009;3210190;MTs Ya Mu`allim
967;20213869;3210190; SMP NEGERI 1 JATITUJUH
968;20213936;3210190; SMP NEGERI 2 JATITUJUH
969;121132100005;3210200;MTs Bantarwaru
970;121232100010;3210200;MTs Assalaam Tipar
971;20213900;3210200; SMP NEGERI 3 LIGUNG
972;20263956;3210200; SMP NEGERI 4 LIGUNG
973;20213943;3210200; SMP NEGERI 2 LIGUNG
974;20213862;3210200; SMP NEGERI 1 LIGUNG
975;121232100015;3210210;MTs Prakarya PUI Panjalin
976;121232100016;3210210;MTs Nurul Huda
977;121232100017;3210210;MTs Al - Ishlah Garawangi
978;20213921;3210210; SMP NEGERI 3 SUMBERJAYA
979;20213930;3210210; SMP NEGERI 1 SUMBERJAYA
980;20271718;3210210; SMP NEGERI 4 SUMBERJAYA SATAP
981;20213909;3210210; SMP NEGERI 2 SUMBERJAYA
982;121232110041;3211010;MTs Al-Falah Cileles
983;121232110042;3211010;MTs MA`ARIF CIKERUH
984;121232110043;3211010;MTs Plus Darul Hufadz
985;121232110060;3211010;MTs At Tarbiyyah
986;20208433;3211010; SMP AL MASOEM
987;20208434;3211010; SMP DARUL FATWA
988;20208435;3211010; SMP NEGERI 1 JATINANGOR
989;20208432;3211010; SMP PLUS AL AQSHA
990;20270788;3211010; SMP MUHAMMADIYAH JATINANGOR
991;20208454;3211010; SMP NEGERI 2 JATINANGOR
992;20208460;3211010; SMP NEGERI 3 JATINANGOR
993;69906954;3211010; SMP Plus Bani Yasin
994;20251878;3211010; SMP IT IMAM BUKHARI
995;20208415;3211010; SMP PGRI 1 Jatinangor
996;121232110001;3211020;MTs Yasta Bunter
997;121232110048;3211020;MTs Darurohman
998;20253928;3211020; SMP PLUS GUNA CIPTA
999;20234079;3211020; SMP YUDHISTIRA
1000;20234075;3211020; SMP PGRI 314 PARAKANMUNCANG
1001;20252182;3211020; SMP NEGERI SATU ATAP CIMANGGUNG
1002;20235588;3211020; SMP NEGERI 1 CIMANGGUNG
1003;20234076;3211020; SMP PLUS AL AMAH
1004;20235614;3211020; SMP PLUS GANESHA
1005;20234060;3211020; SMP NEGERI 2 CIMANGGUNG
1006;121232110002;3211030;MTs Al-Irfan Tanjungsari
1007;121232110003;3211030;MTs Ma`arif Tanjungsari
1008;121232110004;3211030;MTs Muhammadiyah Tanjungsari
1009;121232110005;3211030;MTs Nurul Aiman
1010;121232110006;3211030;MTs Nurul Huda
1011;121232110053;3211030;MTs Al - Amin Tanjungsari
1012;121232110063;3211030;MTs AL AZIZ
1013;20208463;3211030; SMP NEGERI 3 TANJUNGSARI
1014;20208440;3211030; SMP MUHAMMADIYAH TANJUNGSARI
1015;20253987;3211030; SMP IT ASMAUL HUSNA
1016;20208458;3211030; SMP NEGERI 2 TANJUNGSARI
1017;20208442;3211030; SMP PASUNDAN TANJUNGSARI
1018;20208445;3211030; SMP KARSA MADYA-YKM
1019;20208451;3211030; SMP NEGERI 1 TANJUNGSARI
1020;69945508;3211030; SMP IT PUI MADANI TANJUNGSARI
1021;20271299;3211030; SMP YADIKA TANJUNGSARI
1022;20251915;3211030; SMP PLUS PERSATUAN ISLAM TANJUNGSARI
1023;121232110044;3211031;MTs As Sa`adah
1024;121232110064;3211031;MTs Al-Baridji Sukasari
1025;20208427;3211031; SMP NEGERI 1 Sukasari
1026;121132110006;3211032;MTs Pamulihan
1027;121232110034;3211032;MTs Miftahussa`adah Pamulihan
1028;121232110035;3211032;MTs Muhammadiyah Babakanloa
1029;121232110036;3211032;MTs PERSIS 40 SARONGGE
1030;121232110049;3211032;MTs Bani Mahfud
1031;121232110059;3211032;MTs BUSTANUL WILDAN
1032;69948571;3211032; SMP IT IMAM SYAFII
1033;20251874;3211032; SMP NEGERI 3 PAMULIHAN
1034;20251875;3211032; SMP NEGERI 4 PAMULIHAN
1035;20251876;3211032; SMP NEGERI SATU ATAP CIKAWAO
1036;20251873;3211032; SMP NEGERI 2 PAMULIHAN
1037;20208405;3211032; SMP NEGERI 1 PAMULIHAN
1038;121232110007;3211040;MTs Maarif Pasirbiru
1039;121232110008;3211040;MTs Sukamaju
1040;69902978;3211040; SMP Plus Assyariatul Uluum
1041;69889084;3211040; SMP ISLAM AL-FURQON
1042;20208406;3211040; SMP NEGERI 1 RANCAKALONG
1043;20208455;3211040; SMP NEGERI 2 RANCAKALONG
1044;20235606;3211040; SMP NEGERI 3 RANCAKALONG
1045;121232110009;3211050;MTs Al-Fajar
1046;121232110010;3211050;MTs Persis Sumedang
1047;121232110054;3211050;MTs Miftahul Huda
1048;121232110055;3211050;MTs Istighfarlah
1049;20271370;3211050; SMP PLUS YPSA SUMEDANG
1050;20208441;3211050; SMP NU SUMEDANG
1051;20235579;3211050; SMP NEGERI 10 SUMEDANG
1052;20208430;3211050; SMP NEGERI 7 SUMEDANG
1053;20235608;3211050; SMP NEGERI 9 SUMEDANG
1054;20208428;3211050; SMP NEGERI 1 SUMEDANG
1055;20208462;3211050; SMP NEGERI 3 SUMEDANG
1056;20208448;3211050; SMP NEGERI 4 SUMEDANG
1057;20234044;3211050; SMP 11 APRIL SUMEDANG
1058;121232110011;3211060;MTs Khoirul Usroh
1059;121232110012;3211060;MTs Ma Arif Sumedang
1060;121232110013;3211060;MTs Plus An-Nuur
1061;121232110014;3211060;MTs Al-marzuqiyyah
1062;121232110065;3211060;MTs Nurohman
1063;20208417;3211060; SMP NEGERI 2 SUMEDANG
1064;20208431;3211060; SMP NEGERI 8 SUMEDANG
1065;20208447;3211060; SMP NEGERI 5 SUMEDANG
1066;20208429;3211060; SMP NEGERI 6 SUMEDANG
1067;121232110039;3211061;MTs Alfalahiyyah
1068;20235600;3211061; SMP NEGERI 2 GANEAS
1069;20208466;3211061; SMP NEGERI 1 GANEAS
1070;121132110001;3211070;MTs Situraja
1071;121232110061;3211070;MTs Zumrotul Muttaqien
1072;20208465;3211070; SMP NEGERI 4 SITURAJA
1073;20235607;3211070; SMP NEGERI 3 SITURAJA
1074;20208416;3211070; SMP NEGERI 1 SITURAJA
1075;20208461;3211070; SMP NEGERI 2 SITURAJA
1076;20234061;3211071; SMP NEGERI 2 CISITU
1077;20234068;3211071; SMP NEGERI 3 CISITU
1078;20234054;3211071; SMP NEGERI 1 CISITU
1079;121232110015;3211080;MTs Cibogo
1080;121232110016;3211080;MTs Maarif Sukanagara
1081;121232110017;3211080;MTs YKDC Darmaraja
1082;121232110062;3211080;MTs  Darmaraja
1083;20234063;3211080; SMP NEGERI 2 DARMARAJA
1084;20234056;3211080; SMP NEGERI 1 DARMARAJA
1085;121232110033;3211090;MTs As-sarfah,cibugel
1086;20234050;3211090; SMP NEGERI 1 CIBUGEL
1087;20251871;3211090; SMP NEGERI 2 CIBUGEL
1088;20251872;3211090; SMP NEGERI SATU ATAP TAMANSARI
1089;121232110018;3211100;MTs Al-Jauhar
1090;121232110019;3211100;MTs Maarif Cikareo
1091;121232110051;3211100;MTs SA Cilengkrang
1092;20208453;3211100; SMP NEGERI 1 WADO
1093;20251870;3211100; SMP NEGERI SATU ATAP SUKANYIRU
1094;20208446;3211100; SMP NEGERI 3 WADO
1095;20251877;3211100; SMP SUKAPURA WADO
1096;20208464;3211100; SMP NEGERI 2 WADO
1097;20235584;3211100; SMP NEGERI 4 WADO
1098;121132110007;3211101;MTs Tarikolot
1099;121232110040;3211101;MTs Muhammadiyah Kirisik
1100;121232110050;3211101;MTs Riyadul Mutaalimin
1101;121232110058;3211101;MTs Hasanatul Huda
1102;20234066;3211101; SMP NEGERI 2 JATINUNGGAL
1103;69922615;3211101; SMP YPSA JATINUNGGAL
1104;20208413;3211101; SMP NEGERI 1 JATINUNGGAL
1105;20251879;3211101; SMP PLUS BANJARSARI
1106;20235582;3211101; SMP NEGERI 3 JATINUNGGAL
1107;20234069;3211111; SMP NEGERI 3 JATIGEDE
1108;20235601;3211111; SMP NEGERI 2 JATIGEDE
1109;20234057;3211111; SMP NEGERI 1 JATIGEDE
1110;121132110002;3211120;MTs Negeri Tomo
1111;121232110021;3211120;MTs Darul Faizin
1112;20208452;3211120; SMP NEGERI 1 TOMO
1113;20208459;3211120; SMP NEGERI 2 TOMO
1114;121132110003;3211130;MTs Ujungjaya
1115;20208439;3211130; SMP NEGERI 2 UJUNGJAYA
1116;20208437;3211130; SMP NEGERI 1 UJUNGJAYA
1117;121232110022;3211140;MTs Al-Mubarok
1118;121232110023;3211140;MTs Asyrofuddin
1119;121232110024;3211140;MTs Rohmatul Ummah
1120;20234055;3211140; SMP NEGERI 1 CONGGEANG
1121;20235598;3211140; SMP NEGERI 2 CONGGEANG
1122;121232110025;3211150;MTs Guppi Cileuksa,paseh
1123;121232110026;3211150;MTs Ma Arif Sidaraja,paseh
1124;121232110027;3211150;MTs Assalafiyah
1125;20208436;3211150; SMP NEGERI 1 PASEH
1126;20208438;3211150; SMP NEGERI 2 PASEH
1127;121132110004;3211160;MTs Sumedang
1128;121232110028;3211160;MTs Ma`arif Cibeureum
1129;121232110056;3211160;MTs Terpadu Darul Quran
1130;121232110057;3211160;MTs Khoerul Umam
1131;20234059;3211160; SMP NEGERI 2 CIMALAKA
1132;20235587;3211160; SMP NEGERI 1 CIMALAKA
1133;69930519;3211160; SMP AL ISLAM SUMEDANG
1134;20235603;3211160; SMP NEGERI 3 CIMALAKA
1135;121232110037;3211161;MTs Al Hikmah
1136;121232110038;3211161;MTs Uswatun Hasanah
1137;20234053;3211161; SMP NEGERI 1 CISARUA
1138;121232110029;3211170;MTs Plus Al-Hikam
1139;121232110030;3211170;MTs Darul Hikmah
1140;121232110031;3211170;MTs Muhammadiyah Sukadana
1141;20208450;3211170; SMP NEGERI 1 TANJUNGKERTA
1142;20234074;3211170; SMP NU SUKAMANTRI
1143;20253144;3211170; SMP PLUS AL MAMUN
1144;20208457;3211170; SMP NEGERI 2 TANJUNGKERTA
1145;121232110045;3211171;MTs Muhammadiyah Cikaramas
1146;121232110046;3211171;MTs Terpadu Thursina
1147;121232110047;3211171;MTs Al Insan
1148;121232110052;3211171;MTs Riyaadul Falaah
1149;20208449;3211171; SMP NEGERI 1 TANJUNGMEDAR
1150;121132110005;3211180;MTs Buahdua
1151;121232110032;3211180;MTs Adzkiya MH
1152;20235594;3211180; SMP NEGERI 2 BUAHDUA
1153;20235609;3211180; SMP ISLAM PLUS ASSALAM
1154;20235585;3211180; SMP NEGERI 1 BUAHDUA
1155;121232110020;3211181;MTs Al-irsyaad Surian
1156;20208412;3211181; SMP NEGERI 1 SURIAN
